--Hechizos
INSERT INTO Hechizos(Nombre_Hechizo, Damage, Curacion) VALUES ('Maleficio', 6, 0);
INSERT INTO Hechizos(Nombre_Hechizo, Damage, Curacion) VALUES ('Ola atronadora', 16, 0);
INSERT INTO Hechizos(Nombre_Hechizo, Damage, Curacion) VALUES ('Proyectil mágico', 15, 0);
INSERT INTO Hechizos(Nombre_Hechizo, Damage, Curacion) VALUES ('Susurros discordantes', 18, 0);
INSERT INTO Hechizos(Nombre_Hechizo, Damage, Curacion) VALUES ('Agarre electrizante', 8, 0);
INSERT INTO Hechizos(Nombre_Hechizo, Damage, Curacion) VALUES ('Burla Danina', 4, 0);
INSERT INTO Hechizos(Nombre_Hechizo, Damage, Curacion) VALUES ('Descarga de fuego', 10, 0);
INSERT INTO Hechizos(Nombre_Hechizo, Damage, Curacion) VALUES ('Descarga sobrenatural', 10, 0);
INSERT INTO Hechizos(Nombre_Hechizo, Damage, Curacion) VALUES ('Rayo de escarcha', 10, 0);
INSERT INTO Hechizos(Nombre_Hechizo, Damage, Curacion) VALUES ('Palabra de curación', 0, 7);
INSERT INTO Hechizos(Nombre_Hechizo, Damage, Curacion) VALUES ('Curar Heridas', 0, 8);
INSERT INTO Hechizos(Nombre_Hechizo, Damage, Curacion) VALUES ('Luz Sanadora', 0, 9);
INSERT INTO Hechizos(Nombre_Hechizo, Damage, Curacion) VALUES ('Bálsamo de Paz', 0, 4);
INSERT INTO Hechizos(Nombre_Hechizo, Damage, Curacion) VALUES ('Curación empoderada', 0, 6);
INSERT INTO Hechizos(Nombre_Hechizo, Damage, Curacion) VALUES ('Curación rápida', 0, 3);
INSERT INTO Hechizos(Nombre_Hechizo, Damage, Curacion) VALUES ('Mano Sanadora', 0, 5);
INSERT INTO Hechizos(Nombre_Hechizo, Damage, Curacion) VALUES ('Toque Médico', 0, 6);

--FormaBestia
INSERT INTO FormaBestia(Animal, Habilidad) VALUES ('Cat', 'Speed');
INSERT INTO FormaBestia(Animal, Habilidad) VALUES ('Badger', 'Poison');
INSERT INTO FormaBestia(Animal, Habilidad) VALUES ('Bear', 'Strength');
INSERT INTO FormaBestia(Animal, Habilidad) VALUES ('Wolf', 'Strength');
INSERT INTO FormaBestia(Animal, Habilidad) VALUES ('Spider', 'Poison');
INSERT INTO FormaBestia(Animal, Habilidad) VALUES ('Dire Raven', 'Speed');
INSERT INTO FormaBestia(Animal, Habilidad) VALUES ('Owlbear', 'Strength');
INSERT INTO FormaBestia(Animal, Habilidad) VALUES ('Dilophosaurus', 'Poison');
INSERT INTO FormaBestia(Animal, Habilidad) VALUES ('Panther', 'Speed');
INSERT INTO FormaBestia(Animal, Habilidad) VALUES ('Sabre-Toothed Tiger', 'Poison');

--Usuario
INSERT INTO Usuario(Nick, Password) VALUES ('Zephyr ', 'GwYhElLZgM');
INSERT INTO Usuario(Nick, Password) VALUES ('Lyra ', 'wwUpEhGpKr');
INSERT INTO Usuario(Nick, Password) VALUES ('Aric ', '982NhMxfk1');
INSERT INTO Usuario(Nick, Password) VALUES ('Seraphina ', '1uJ1lWoR5d');
INSERT INTO Usuario(Nick, Password) VALUES ('Thorne ', '05CgSiFq5c');
INSERT INTO Usuario(Nick, Password) VALUES ('Ember ', 'J6NGM16GWh');
INSERT INTO Usuario(Nick, Password) VALUES ('Kael ', 'c97NsLc161');
INSERT INTO Usuario(Nick, Password) VALUES ('Lumielle ', 'asM4kKXS91');
INSERT INTO Usuario(Nick, Password) VALUES ('Draven ', 'j2XfN9W3pb');
INSERT INTO Usuario(Nick, Password) VALUES ('Astrid ', '8y97YKBtbk');
INSERT INTO Usuario(Nick, Password) VALUES ('Malachi', 'wjN570W769');
INSERT INTO Usuario(Nick, Password) VALUES ('Sylas', 'PM7t2OKk6g');
INSERT INTO Usuario(Nick, Password) VALUES ('Elara', '7qVuC8N5Y5');
INSERT INTO Usuario(Nick, Password) VALUES ('Thorne', '69UeKkntb1');
INSERT INTO Usuario(Nick, Password) VALUES ('Kieran', 'I7z9KlR2yI');
INSERT INTO Usuario(Nick, Password) VALUES ('Seraphina', 'h30TQqo500');
INSERT INTO Usuario(Nick, Password) VALUES ('Leif', '6kZL0T1h59');
INSERT INTO Usuario(Nick, Password) VALUES ('Nyx', '4NTR1V5OMp');
INSERT INTO Usuario(Nick, Password) VALUES ('Darian', 'gePQP0x7n7');
INSERT INTO Usuario(Nick, Password) VALUES ('Isolde', 'sSK132TxPV');

--Partida
INSERT INTO Partida(Escenario, Duracion, Progreso, Usuario_Nick) VALUES (5, 5, 4, 'Zephyr ');
INSERT INTO Partida(Escenario, Duracion, Progreso, Usuario_Nick) VALUES (2, 11, 8, 'Lyra ');
INSERT INTO Partida(Escenario, Duracion, Progreso, Usuario_Nick) VALUES (3, 40, 48, 'Aric ');
INSERT INTO Partida(Escenario, Duracion, Progreso, Usuario_Nick) VALUES (4, 56, 55, 'Seraphina ');
INSERT INTO Partida(Escenario, Duracion, Progreso, Usuario_Nick) VALUES (6, 70, 79, 'Thorne ');
INSERT INTO Partida(Escenario, Duracion, Progreso, Usuario_Nick) VALUES (10, 95, 97, 'Ember ');

--Mapa
INSERT INTO Mapa(ID_Sitio, Sitio, Subterraneo) VALUES (1, 'Nautiloid', 'False');
INSERT INTO Mapa(ID_Sitio, Sitio, Subterraneo) VALUES (2, 'Ravaged Beach', 'True');
INSERT INTO Mapa(ID_Sitio, Sitio, Subterraneo) VALUES (3, 'Camp', 'False');
INSERT INTO Mapa(ID_Sitio, Sitio, Subterraneo) VALUES (4, 'Dank Crypt', 'True');
INSERT INTO Mapa(ID_Sitio, Sitio, Subterraneo) VALUES (5, 'Druid Grove', 'False');
INSERT INTO Mapa(ID_Sitio, Sitio, Subterraneo) VALUES (6, 'Secluded Cove', 'False');
INSERT INTO Mapa(ID_Sitio, Sitio, Subterraneo) VALUES (7, 'Owlbear Nest', 'False');
INSERT INTO Mapa(ID_Sitio, Sitio, Subterraneo) VALUES (8, 'Blighted Village', 'True');
INSERT INTO Mapa(ID_Sitio, Sitio, Subterraneo) VALUES (9, 'Whispering Depths', 'True');
INSERT INTO Mapa(ID_Sitio, Sitio, Subterraneo) VALUES (10, 'Sunlit Wetlands', 'True');
INSERT INTO Mapa(ID_Sitio, Sitio, Subterraneo) VALUES (11, 'The Risen Road', 'False');
INSERT INTO Mapa(ID_Sitio, Sitio, Subterraneo) VALUES (12, 'Goblin Camp', 'False');
INSERT INTO Mapa(ID_Sitio, Sitio, Subterraneo) VALUES (13, 'Shattered Sanctum', 'False');
INSERT INTO Mapa(ID_Sitio, Sitio, Subterraneo) VALUES (14, 'Zhentarim Hideout', 'False');
INSERT INTO Mapa(ID_Sitio, Sitio, Subterraneo) VALUES (15, 'The Festering Cove', 'True');
INSERT INTO Mapa(ID_Sitio, Sitio, Subterraneo) VALUES (16, 'Arcane Tower', 'False');
INSERT INTO Mapa(ID_Sitio, Sitio, Subterraneo) VALUES (17, 'Underdark', 'True');
INSERT INTO Mapa(ID_Sitio, Sitio, Subterraneo) VALUES (18, 'Grymforge', 'True');

--NPC
INSERT INTO NPC(Nombre_NPC, Tipo, Fuerza, Destreza, Constitucion, Inteligencia, Sabiduria, Carisma, Mapa_ID_Sitio) VALUES ('Myrnath', 'Elves', 10, 10, 10, 10, 10, 10, 1);
INSERT INTO NPC(Nombre_NPC, Tipo, Fuerza, Destreza, Constitucion, Inteligencia, Sabiduria, Carisma, Mapa_ID_Sitio) VALUES ('Damays', 'Asmodeus Tiefling', 10, 14, 12, 9, 12, 8, 2);
INSERT INTO NPC(Nombre_NPC, Tipo, Fuerza, Destreza, Constitucion, Inteligencia, Sabiduria, Carisma, Mapa_ID_Sitio) VALUES ('Injured Mind Flayer', 'Aberrations', 11, 12, 12, 191, 17, 17, 2);
INSERT INTO NPC(Nombre_NPC, Tipo, Fuerza, Destreza, Constitucion, Inteligencia, Sabiduria, Carisma, Mapa_ID_Sitio) VALUES ('Nymessa', 'Asmodeus Tiefling', 11, 15, 9, 10, 11, 10, 2);
INSERT INTO NPC(Nombre_NPC, Tipo, Fuerza, Destreza, Constitucion, Inteligencia, Sabiduria, Carisma, Mapa_ID_Sitio) VALUES ('Stranded Fisher', 'Human', 12, 16, 12, 12, 14, 10, 2);
INSERT INTO NPC(Nombre_NPC, Tipo, Fuerza, Destreza, Constitucion, Inteligencia, Sabiduria, Carisma, Mapa_ID_Sitio) VALUES ('Arabella', 'Tiefling', 10, 10, 10, 10, 10, 10, 5);
INSERT INTO NPC(Nombre_NPC, Tipo, Fuerza, Destreza, Constitucion, Inteligencia, Sabiduria, Carisma, Mapa_ID_Sitio) VALUES ('Aradin', 'Human', 15, 14, 12, 10, 10, 12, 5);
INSERT INTO NPC(Nombre_NPC, Tipo, Fuerza, Destreza, Constitucion, Inteligencia, Sabiduria, Carisma, Mapa_ID_Sitio) VALUES ('Arron', ' Lightfoot Halfling', 15, 14, 12, 12, 10, 12, 5);
INSERT INTO NPC(Nombre_NPC, Tipo, Fuerza, Destreza, Constitucion, Inteligencia, Sabiduria, Carisma, Mapa_ID_Sitio) VALUES ('Dammon', 'Asmodeus Tiefling', 10, 10, 10, 10, 10, 10, 5);
INSERT INTO NPC(Nombre_NPC, Tipo, Fuerza, Destreza, Constitucion, Inteligencia, Sabiduria, Carisma, Mapa_ID_Sitio) VALUES ('Doni', 'Tiefling', 10, 14, 10, 10, 10, 10, 6);
INSERT INTO NPC(Nombre_NPC, Tipo, Fuerza, Destreza, Constitucion, Inteligencia, Sabiduria, Carisma, Mapa_ID_Sitio) VALUES ('Guex', 'Asmodeus Tiefling', 16, 12, 15, 10, 10, 12, 6);
INSERT INTO NPC(Nombre_NPC, Tipo, Fuerza, Destreza, Constitucion, Inteligencia, Sabiduria, Carisma, Mapa_ID_Sitio) VALUES ('Kagha', 'Elves', 16, 16, 14, 14, 16, 14, 6);
INSERT INTO NPC(Nombre_NPC, Tipo, Fuerza, Destreza, Constitucion, Inteligencia, Sabiduria, Carisma, Mapa_ID_Sitio) VALUES ('Mattis', 'Tiefling', 10, 14, 10, 10, 10, 10, 6);
INSERT INTO NPC(Nombre_NPC, Tipo, Fuerza, Destreza, Constitucion, Inteligencia, Sabiduria, Carisma, Mapa_ID_Sitio) VALUES ('Sazza', 'Goblins ', 10, 13, 10, 10, 8, 8, 7);
INSERT INTO NPC(Nombre_NPC, Tipo, Fuerza, Destreza, Constitucion, Inteligencia, Sabiduria, Carisma, Mapa_ID_Sitio) VALUES ('Zevlor', 'Asmodeus Tiefling', 14, 10, 12, 16, 12, 16, 7);
INSERT INTO NPC(Nombre_NPC, Tipo, Fuerza, Destreza, Constitucion, Inteligencia, Sabiduria, Carisma, Mapa_ID_Sitio) VALUES ('Mirkon', ' Tiefling', 10, 10, 10, 10, 10, 10, 6);
INSERT INTO NPC(Nombre_NPC, Tipo, Fuerza, Destreza, Constitucion, Inteligencia, Sabiduria, Carisma, Mapa_ID_Sitio) VALUES ('Owlbear', 'Beasts', 20, 12, 17, 3, 12, 7, 7);
INSERT INTO NPC(Nombre_NPC, Tipo, Fuerza, Destreza, Constitucion, Inteligencia, Sabiduria, Carisma, Mapa_ID_Sitio) VALUES ('Owlbear Cub', 'Beasts', 12, 10, 11, 3, 10, 7, 7);
INSERT INTO NPC(Nombre_NPC, Tipo, Fuerza, Destreza, Constitucion, Inteligencia, Sabiduria, Carisma, Mapa_ID_Sitio) VALUES ('Fank', 'Ogres', 19, 12, 16, 5, 7, 7, 8);
INSERT INTO NPC(Nombre_NPC, Tipo, Fuerza, Destreza, Constitucion, Inteligencia, Sabiduria, Carisma, Mapa_ID_Sitio) VALUES ('Fezzerk', 'Goblins ', 12, 14, 11, 10, 8, 10, 8);
INSERT INTO NPC(Nombre_NPC, Tipo, Fuerza, Destreza, Constitucion, Inteligencia, Sabiduria, Carisma, Mapa_ID_Sitio) VALUES ('Lump the Enlightened', 'Ogres', 19, 12, 16, 19, 7, 7, 8);
INSERT INTO NPC(Nombre_NPC, Tipo, Fuerza, Destreza, Constitucion, Inteligencia, Sabiduria, Carisma, Mapa_ID_Sitio) VALUES ('Scratch', 'Beasts', 13, 14, 12, 3, 12, 7, 8);
INSERT INTO NPC(Nombre_NPC, Tipo, Fuerza, Destreza, Constitucion, Inteligencia, Sabiduria, Carisma, Mapa_ID_Sitio) VALUES ('Phase Spider Matriarch', 'Monstrosity', 19, 16, 14, 6, 12, 6, 9);
INSERT INTO NPC(Nombre_NPC, Tipo, Fuerza, Destreza, Constitucion, Inteligencia, Sabiduria, Carisma, Mapa_ID_Sitio) VALUES ('Auntie Ethel', 'Fey', 18, 14, 16, 13, 14, 18, 10);
INSERT INTO NPC(Nombre_NPC, Tipo, Fuerza, Destreza, Constitucion, Inteligencia, Sabiduria, Carisma, Mapa_ID_Sitio) VALUES ('Gandrel', 'Human', 16, 18, 16, 12, 16, 10, 10);
INSERT INTO NPC(Nombre_NPC, Tipo, Fuerza, Destreza, Constitucion, Inteligencia, Sabiduria, Carisma, Mapa_ID_Sitio) VALUES ('Mayrina', 'Human', 10, 10, 10, 10, 10, 10, 10);
INSERT INTO NPC(Nombre_NPC, Tipo, Fuerza, Destreza, Constitucion, Inteligencia, Sabiduria, Carisma, Mapa_ID_Sitio) VALUES ('Benryn', 'Elves', 10, 10, 10, 10, 10, 10, 11);
INSERT INTO NPC(Nombre_NPC, Tipo, Fuerza, Destreza, Constitucion, Inteligencia, Sabiduria, Carisma, Mapa_ID_Sitio) VALUES ('Olly', 'Human', 12, 16, 12, 12, 14, 10, 11);
INSERT INTO NPC(Nombre_NPC, Tipo, Fuerza, Destreza, Constitucion, Inteligencia, Sabiduria, Carisma, Mapa_ID_Sitio) VALUES ('Rugan', 'Human', 12, 16, 12, 12, 14, 10, 11);
INSERT INTO NPC(Nombre_NPC, Tipo, Fuerza, Destreza, Constitucion, Inteligencia, Sabiduria, Carisma, Mapa_ID_Sitio) VALUES ('Flind', 'Beasts', 19, 12, 14, 5, 7, 7, 11);

--Enemigo
INSERT INTO Enemigo(ID_Enemigo, Nombre, Tipo, Fuerza, Destreza, Constitucion, Inteligencia, Sabiduria, Carisma, Mapa_ID_Sitio) VALUES (1, 'Intellect Devourer', 'Aberrations', 6, 14, 13, 12, 11, 10, 1);
INSERT INTO Enemigo(ID_Enemigo, Nombre, Tipo, Fuerza, Destreza, Constitucion, Inteligencia, Sabiduria, Carisma, Mapa_ID_Sitio) VALUES (2, 'Spectator', 'Aberrations', 8, 14, 14, 13, 14, 11, 11);
INSERT INTO Enemigo(ID_Enemigo, Nombre, Tipo, Fuerza, Destreza, Constitucion, Inteligencia, Sabiduria, Carisma, Mapa_ID_Sitio) VALUES (3, 'Mind Flayer', 'Aberrations', 11, 12, 12, 19, 17, 17, 2);
INSERT INTO Enemigo(ID_Enemigo, Nombre, Tipo, Fuerza, Destreza, Constitucion, Inteligencia, Sabiduria, Carisma, Mapa_ID_Sitio) VALUES (4, 'Displacer', 'Beasts', 18, 15, 16, 6, 12, 8, 5);
INSERT INTO Enemigo(ID_Enemigo, Nombre, Tipo, Fuerza, Destreza, Constitucion, Inteligencia, Sabiduria, Carisma, Mapa_ID_Sitio) VALUES (5, 'Hyena', 'Beasts', 11, 13, 12, 2, 12, 5, 11);
INSERT INTO Enemigo(ID_Enemigo, Nombre, Tipo, Fuerza, Destreza, Constitucion, Inteligencia, Sabiduria, Carisma, Mapa_ID_Sitio) VALUES (6, 'Addled Frog', 'Beasts', 3, 16, 10, 3, 8, 8, 10);
INSERT INTO Enemigo(ID_Enemigo, Nombre, Tipo, Fuerza, Destreza, Constitucion, Inteligencia, Sabiduria, Carisma, Mapa_ID_Sitio) VALUES (7, 'Bugbear Assassin', 'Bugbears', 14, 12, 13, 8, 11, 9, 5);
INSERT INTO Enemigo(ID_Enemigo, Nombre, Tipo, Fuerza, Destreza, Constitucion, Inteligencia, Sabiduria, Carisma, Mapa_ID_Sitio) VALUES (8, 'Grukkoh', 'Bugbears', 15, 14, 13, 8, 11, 9, 8);
INSERT INTO Enemigo(ID_Enemigo, Nombre, Tipo, Fuerza, Destreza, Constitucion, Inteligencia, Sabiduria, Carisma, Mapa_ID_Sitio) VALUES (9, 'Scrawny Bugbear', 'Bugbears', 15, 14, 13, 8, 11, 9, 8);
INSERT INTO Enemigo(ID_Enemigo, Nombre, Tipo, Fuerza, Destreza, Constitucion, Inteligencia, Sabiduria, Carisma, Mapa_ID_Sitio) VALUES (10, 'Minthara', 'Drow', 17, 12, 13, 8, 10, 15, 13);
INSERT INTO Enemigo(ID_Enemigo, Nombre, Tipo, Fuerza, Destreza, Constitucion, Inteligencia, Sabiduria, Carisma, Mapa_ID_Sitio) VALUES (11, 'Viconia DeVir', 'Drow', 18, 19, 10, 17, 18, 16, 13);
INSERT INTO Enemigo(ID_Enemigo, Nombre, Tipo, Fuerza, Destreza, Constitucion, Inteligencia, Sabiduria, Carisma, Mapa_ID_Sitio) VALUES (12, 'Dhourn', 'Drow', 10, 10, 12, 16, 10, 14, 17);
INSERT INTO Enemigo(ID_Enemigo, Nombre, Tipo, Fuerza, Destreza, Constitucion, Inteligencia, Sabiduria, Carisma, Mapa_ID_Sitio) VALUES (13, 'Torgga', 'Duergar', 12, 13, 12, 10, 12, 10, 13);
INSERT INTO Enemigo(ID_Enemigo, Nombre, Tipo, Fuerza, Destreza, Constitucion, Inteligencia, Sabiduria, Carisma, Mapa_ID_Sitio) VALUES (14, 'Brithvar', 'Duergar', 18, 12, 14, 10, 12, 12, 18);
INSERT INTO Enemigo(ID_Enemigo, Nombre, Tipo, Fuerza, Destreza, Constitucion, Inteligencia, Sabiduria, Carisma, Mapa_ID_Sitio) VALUES (16, 'Taman', 'Elves', 12, 11, 14, 10, 10, 12, 2);
INSERT INTO Enemigo(ID_Enemigo, Nombre, Tipo, Fuerza, Destreza, Constitucion, Inteligencia, Sabiduria, Carisma, Mapa_ID_Sitio) VALUES (17, 'Kagha', 'Elves', 16, 16, 14, 14, 16, 14, 5);
INSERT INTO Enemigo(ID_Enemigo, Nombre, Tipo, Fuerza, Destreza, Constitucion, Inteligencia, Sabiduria, Carisma, Mapa_ID_Sitio) VALUES (18, 'Quelenna', 'Elves', 9, 11, 10, 14, 12, 10, 1);
INSERT INTO Enemigo(ID_Enemigo, Nombre, Tipo, Fuerza, Destreza, Constitucion, Inteligencia, Sabiduria, Carisma, Mapa_ID_Sitio) VALUES (19, 'Lava Elemental', 'Elemental', 19, 8, 18, 5, 10, 5, 18);
INSERT INTO Enemigo(ID_Enemigo, Nombre, Tipo, Fuerza, Destreza, Constitucion, Inteligencia, Sabiduria, Carisma, Mapa_ID_Sitio) VALUES (20, 'Magma Mephit', 'Elemental', 8, 12, 12, 7, 10, 10, 18);
INSERT INTO Enemigo(ID_Enemigo, Nombre, Tipo, Fuerza, Destreza, Constitucion, Inteligencia, Sabiduria, Carisma, Mapa_ID_Sitio) VALUES (21, 'Akabi', 'Elemental', 22, 13, 24, 16, 15, 16, 4);
INSERT INTO Enemigo(ID_Enemigo, Nombre, Tipo, Fuerza, Destreza, Constitucion, Inteligencia, Sabiduria, Carisma, Mapa_ID_Sitio) VALUES (22, 'Boooal', 'Fey', 19, 13, 18, 10, 12, 9, 15);
INSERT INTO Enemigo(ID_Enemigo, Nombre, Tipo, Fuerza, Destreza, Constitucion, Inteligencia, Sabiduria, Carisma, Mapa_ID_Sitio) VALUES (23, 'Meenlock', 'Fey', 7, 17, 14, 11, 12, 8, 3);
INSERT INTO Enemigo(ID_Enemigo, Nombre, Tipo, Fuerza, Destreza, Constitucion, Inteligencia, Sabiduria, Carisma, Mapa_ID_Sitio) VALUES (24, 'Redcap', 'Fey', 18, 13, 18, 10, 12, 9, 4);
INSERT INTO Enemigo(ID_Enemigo, Nombre, Tipo, Fuerza, Destreza, Constitucion, Inteligencia, Sabiduria, Carisma, Mapa_ID_Sitio) VALUES (25, 'Owlbear', 'Monstrosity', 20, 12, 17, 3, 12, 7, 7);
INSERT INTO Enemigo(ID_Enemigo, Nombre, Tipo, Fuerza, Destreza, Constitucion, Inteligencia, Sabiduria, Carisma, Mapa_ID_Sitio) VALUES (26, 'Worg', 'Monstrosity', 16, 13, 13, 7, 11, 8, 5);
INSERT INTO Enemigo(ID_Enemigo, Nombre, Tipo, Fuerza, Destreza, Constitucion, Inteligencia, Sabiduria, Carisma, Mapa_ID_Sitio) VALUES (27, 'Harpy', 'Monstrosity', 12, 14, 12, 7, 10, 13, 5);
INSERT INTO Enemigo(ID_Enemigo, Nombre, Tipo, Fuerza, Destreza, Constitucion, Inteligencia, Sabiduria, Carisma, Mapa_ID_Sitio) VALUES (28, 'Booyahg', 'Goblins', 8, 12, 10, 12, 8, 8, 5);
INSERT INTO Enemigo(ID_Enemigo, Nombre, Tipo, Fuerza, Destreza, Constitucion, Inteligencia, Sabiduria, Carisma, Mapa_ID_Sitio) VALUES (29, 'Brawler', 'Goblins', 10, 13, 10, 10, 8, 8, 5);
INSERT INTO Enemigo(ID_Enemigo, Nombre, Tipo, Fuerza, Destreza, Constitucion, Inteligencia, Sabiduria, Carisma, Mapa_ID_Sitio) VALUES (30, 'Tracker', 'Goblins', 8, 14, 10, 10, 8, 8, 5);
INSERT INTO Enemigo(ID_Enemigo, Nombre, Tipo, Fuerza, Destreza, Constitucion, Inteligencia, Sabiduria, Carisma, Mapa_ID_Sitio) VALUES (31, 'Scribe', 'Undead', 10, 8, 8, 14, 8, 5, 4);
INSERT INTO Enemigo(ID_Enemigo, Nombre, Tipo, Fuerza, Destreza, Constitucion, Inteligencia, Sabiduria, Carisma, Mapa_ID_Sitio) VALUES (32, 'Myrkul', 'Undead', 20, 10, 22, 13, 17, 19, 4);
INSERT INTO Enemigo(ID_Enemigo, Nombre, Tipo, Fuerza, Destreza, Constitucion, Inteligencia, Sabiduria, Carisma, Mapa_ID_Sitio) VALUES (33, 'Ghoul', 'Undead', 13, 15, 10, 7, 10, 6, 16);
INSERT INTO Enemigo(ID_Enemigo, Nombre, Tipo, Fuerza, Destreza, Constitucion, Inteligencia, Sabiduria, Carisma, Mapa_ID_Sitio) VALUES (34, 'Dror Ragzlin', 'Hobgoblins', 18, 12, 16, 12, 10, 15, 13);
INSERT INTO Enemigo(ID_Enemigo, Nombre, Tipo, Fuerza, Destreza, Constitucion, Inteligencia, Sabiduria, Carisma, Mapa_ID_Sitio) VALUES (35, 'Andorn', 'Humans', 12, 14, 10, 11, 10, 14, 16);
INSERT INTO Enemigo(ID_Enemigo, Nombre, Tipo, Fuerza, Destreza, Constitucion, Inteligencia, Sabiduria, Carisma, Mapa_ID_Sitio) VALUES (36, 'Gefrey', 'Humans', 10, 10, 12, 14, 10, 10, 14);
INSERT INTO Enemigo(ID_Enemigo, Nombre, Tipo, Fuerza, Destreza, Constitucion, Inteligencia, Sabiduria, Carisma, Mapa_ID_Sitio) VALUES (37, 'Gandrel', 'Humans', 16, 18, 16, 12, 16, 10, 10);
INSERT INTO Enemigo(ID_Enemigo, Nombre, Tipo, Fuerza, Destreza, Constitucion, Inteligencia, Sabiduria, Carisma, Mapa_ID_Sitio) VALUES (38, 'Buthir', 'Ogres', 19, 12, 16, 5, 7, 7, 11);
INSERT INTO Enemigo(ID_Enemigo, Nombre, Tipo, Fuerza, Destreza, Constitucion, Inteligencia, Sabiduria, Carisma, Mapa_ID_Sitio) VALUES (39, 'Polma', 'Ogres', 20, 12, 16, 8, 8, 7, 16);
INSERT INTO Enemigo(ID_Enemigo, Nombre, Tipo, Fuerza, Destreza, Constitucion, Inteligencia, Sabiduria, Carisma, Mapa_ID_Sitio) VALUES (40, 'Gurgon', 'Ogres', 21, 12, 16, 5, 7, 10, 12);
INSERT INTO Enemigo(ID_Enemigo, Nombre, Tipo, Fuerza, Destreza, Constitucion, Inteligencia, Sabiduria, Carisma, Mapa_ID_Sitio) VALUES (41, 'Ansur', 'Dragons', 25, 10, 23, 16, 15, 19, 16);
INSERT INTO Enemigo(ID_Enemigo, Nombre, Tipo, Fuerza, Destreza, Constitucion, Inteligencia, Sabiduria, Carisma, Mapa_ID_Sitio) VALUES (42, 'Red Dragon', 'Dragons', 27, 10, 25, 16, 13, 21, 16);
INSERT INTO Enemigo(ID_Enemigo, Nombre, Tipo, Fuerza, Destreza, Constitucion, Inteligencia, Sabiduria, Carisma, Mapa_ID_Sitio) VALUES (43, 'Tryyn', 'Halflings', 12, 16, 12, 12, 12, 12, 11);
INSERT INTO Enemigo(ID_Enemigo, Nombre, Tipo, Fuerza, Destreza, Constitucion, Inteligencia, Sabiduria, Carisma, Mapa_ID_Sitio) VALUES (44, 'Lesser Hellsboar', 'Fiend', 12, 11, 12, 6, 8, 5, 1);
INSERT INTO Enemigo(ID_Enemigo, Nombre, Tipo, Fuerza, Destreza, Constitucion, Inteligencia, Sabiduria, Carisma, Mapa_ID_Sitio) VALUES (45, 'Imp', 'Fiend', 6, 17, 13, 11, 12, 14, 1);
INSERT INTO Enemigo(ID_Enemigo, Nombre, Tipo, Fuerza, Destreza, Constitucion, Inteligencia, Sabiduria, Carisma, Mapa_ID_Sitio) VALUES (46, 'Zhalk', 'Fiend', 18, 18, 16, 14, 15, 16, 1);
INSERT INTO Enemigo(ID_Enemigo, Nombre, Tipo, Fuerza, Destreza, Constitucion, Inteligencia, Sabiduria, Carisma, Mapa_ID_Sitio) VALUES (47, 'Grym', 'Constructs', 24, 6, 24, 3, 11, 1, 18);
INSERT INTO Enemigo(ID_Enemigo, Nombre, Tipo, Fuerza, Destreza, Constitucion, Inteligencia, Sabiduria, Carisma, Mapa_ID_Sitio) VALUES (48, 'Bernard', 'Constructs', 16, 14, 16, 8, 10, 6, 16);
INSERT INTO Enemigo(ID_Enemigo, Nombre, Tipo, Fuerza, Destreza, Constitucion, Inteligencia, Sabiduria, Carisma, Mapa_ID_Sitio) VALUES (49, 'Steel Watch', 'Constructs', 18, 22, 18, 6, 10, 10, 3);
INSERT INTO Enemigo(ID_Enemigo, Nombre, Tipo, Fuerza, Destreza, Constitucion, Inteligencia, Sabiduria, Carisma, Mapa_ID_Sitio) VALUES (50, 'Gimblebock', 'Gnomes', 15, 11, 15, 12, 10, 13, 2);
INSERT INTO Enemigo(ID_Enemigo, Nombre, Tipo, Fuerza, Destreza, Constitucion, Inteligencia, Sabiduria, Carisma, Mapa_ID_Sitio) VALUES (51, 'True Soul Gut', 'Goblins', 14, 12, 14, 16, 18, 16, 13);
INSERT INTO Enemigo(ID_Enemigo, Nombre, Tipo, Fuerza, Destreza, Constitucion, Inteligencia, Sabiduria, Carisma, Mapa_ID_Sitio) VALUES (52, 'Minthara', 'Lolth-Swom Drow', 15, 12, 15, 12, 18, 16, 13);
INSERT INTO Enemigo(ID_Enemigo, Nombre, Tipo, Fuerza, Destreza, Constitucion, Inteligencia, Sabiduria, Carisma, Mapa_ID_Sitio) VALUES (53, 'Dror Ragzlin', 'Hobgoblins', 18, 12, 16, 12, 10, 15, 13);
INSERT INTO Enemigo(ID_Enemigo, Nombre, Tipo, Fuerza, Destreza, Constitucion, Inteligencia, Sabiduria, Carisma, Mapa_ID_Sitio) VALUES (54, 'Kagha', 'Wood elf', 16, 16, 14, 14, 16, 14, 5);
INSERT INTO Enemigo(ID_Enemigo, Nombre, Tipo, Fuerza, Destreza, Constitucion, Inteligencia, Sabiduria, Carisma, Mapa_ID_Sitio) VALUES (55, 'Owlbear', 'Beasts', 20, 12, 17, 3, 12, 7, 7);
INSERT INTO Enemigo(ID_Enemigo, Nombre, Tipo, Fuerza, Destreza, Constitucion, Inteligencia, Sabiduria, Carisma, Mapa_ID_Sitio) VALUES (56, 'Auntie Ethel', 'Fey', 18, 14, 16, 13, 14, 18, 5);
INSERT INTO Enemigo(ID_Enemigo, Nombre, Tipo, Fuerza, Destreza, Constitucion, Inteligencia, Sabiduria, Carisma, Mapa_ID_Sitio) VALUES (57, 'Phase Spider Matriarch', 'Phase Spider', 19, 16, 14, 6, 12, 6, 9);
INSERT INTO Enemigo(ID_Enemigo, Nombre, Tipo, Fuerza, Destreza, Constitucion, Inteligencia, Sabiduria, Carisma, Mapa_ID_Sitio) VALUES (58, 'Flind', 'Beasts', 13, 13, 14, 10, 17, 8, 11);
INSERT INTO Enemigo(ID_Enemigo, Nombre, Tipo, Fuerza, Destreza, Constitucion, Inteligencia, Sabiduria, Carisma, Mapa_ID_Sitio) VALUES (59, 'True Soul Nere', 'Lolth-Swom Drow', 17, 15, 15, 18, 13, 18, 18);
INSERT INTO Enemigo(ID_Enemigo, Nombre, Tipo, Fuerza, Destreza, Constitucion, Inteligencia, Sabiduria, Carisma, Mapa_ID_Sitio) VALUES (60, 'Grym', 'Constructs', 24, 6, 24, 3, 11, 1, 18);
INSERT INTO Enemigo(ID_Enemigo, Nombre, Tipo, Fuerza, Destreza, Constitucion, Inteligencia, Sabiduria, Carisma, Mapa_ID_Sitio) VALUES (61, 'Spectator', 'Beholder', 8, 14, 14, 13, 14, 11, 11);
INSERT INTO Enemigo(ID_Enemigo, Nombre, Tipo, Fuerza, Destreza, Constitucion, Inteligencia, Sabiduria, Carisma, Mapa_ID_Sitio) VALUES (62, 'Bulette', 'Monstrosity', 19, 11, 21, 2, 10, 5, 17);
INSERT INTO Enemigo(ID_Enemigo, Nombre, Tipo, Fuerza, Destreza, Constitucion, Inteligencia, Sabiduria, Carisma, Mapa_ID_Sitio) VALUES (63, 'Fist Marcus', 'Aberrations', 23, 16, 16, 10, 10, 10, 17);
INSERT INTO Enemigo(ID_Enemigo, Nombre, Tipo, Fuerza, Destreza, Constitucion, Inteligencia, Sabiduria, Carisma, Mapa_ID_Sitio) VALUES (64, 'Inquisitor of Vlaakith', 'Githyanki', 17, 14, 15, 18, 16, 12, 16);
INSERT INTO Enemigo(ID_Enemigo, Nombre, Tipo, Fuerza, Destreza, Constitucion, Inteligencia, Sabiduria, Carisma, Mapa_ID_Sitio) VALUES (65, 'Karniss', 'Drow', 16, 16, 18, 13, 16, 12, 9);
INSERT INTO Enemigo(ID_Enemigo, Nombre, Tipo, Fuerza, Destreza, Constitucion, Inteligencia, Sabiduria, Carisma, Mapa_ID_Sitio) VALUES (66, 'Malus Thorm', 'Undead', 14, 18, 14, 14, 16, 8, 3);
INSERT INTO Enemigo(ID_Enemigo, Nombre, Tipo, Fuerza, Destreza, Constitucion, Inteligencia, Sabiduria, Carisma, Mapa_ID_Sitio) VALUES (67, 'He Who Was', 'Shader-Kai Gloom Weaver', 10, 18, 12, 16, 14, 14, 9);
INSERT INTO Enemigo(ID_Enemigo, Nombre, Tipo, Fuerza, Destreza, Constitucion, Inteligencia, Sabiduria, Carisma, Mapa_ID_Sitio) VALUES (68, 'Yurgir', 'Fiend', 22, 16, 21, 15, 15, 16, 12);
INSERT INTO Enemigo(ID_Enemigo, Nombre, Tipo, Fuerza, Destreza, Constitucion, Inteligencia, Sabiduria, Carisma, Mapa_ID_Sitio) VALUES (69, 'Gerringothe Thorm', 'Undead', 12, 18, 12, 16, 12, 8, 16);
INSERT INTO Enemigo(ID_Enemigo, Nombre, Tipo, Fuerza, Destreza, Constitucion, Inteligencia, Sabiduria, Carisma, Mapa_ID_Sitio) VALUES (70, 'Thisobald Thorm', 'Undead', 18, 14, 16, 10, 16, 6, 10);
INSERT INTO Enemigo(ID_Enemigo, Nombre, Tipo, Fuerza, Destreza, Constitucion, Inteligencia, Sabiduria, Carisma, Mapa_ID_Sitio) VALUES (71, 'Ketheric Thorm', 'Undead', 18, 13, 17, 12, 15, 20, 16);
INSERT INTO Enemigo(ID_Enemigo, Nombre, Tipo, Fuerza, Destreza, Constitucion, Inteligencia, Sabiduria, Carisma, Mapa_ID_Sitio) VALUES (72, 'Apostle of Myrkul', 'Undead', 20, 10, 22, 13, 17, 19, 10);
INSERT INTO Enemigo(ID_Enemigo, Nombre, Tipo, Fuerza, Destreza, Constitucion, Inteligencia, Sabiduria, Carisma, Mapa_ID_Sitio) VALUES (73, 'Balthazar', 'Undead', 10, 14, 16, 20, 14, 10, 17);
INSERT INTO Enemigo(ID_Enemigo, Nombre, Tipo, Fuerza, Destreza, Constitucion, Inteligencia, Sabiduria, Carisma, Mapa_ID_Sitio) VALUES (74, 'Ch’r’ai Tska’an', 'Githyanki', 12, 16, 14, 14, 14, 18, 9);
INSERT INTO Enemigo(ID_Enemigo, Nombre, Tipo, Fuerza, Destreza, Constitucion, Inteligencia, Sabiduria, Carisma, Mapa_ID_Sitio) VALUES (75, 'Orin The Red', 'Monstrosity', 22, 14, 17, 14, 16, 19, 1);
INSERT INTO Enemigo(ID_Enemigo, Nombre, Tipo, Fuerza, Destreza, Constitucion, Inteligencia, Sabiduria, Carisma, Mapa_ID_Sitio) VALUES (76, 'Lord Enver Gortash', 'Humans', 14, 20, 10, 20, 16, 18, 1);
INSERT INTO Enemigo(ID_Enemigo, Nombre, Tipo, Fuerza, Destreza, Constitucion, Inteligencia, Sabiduria, Carisma, Mapa_ID_Sitio) VALUES (77, 'Raphael', 'Cambion', 18, 25, 17, 14, 13, 19, 3);
INSERT INTO Enemigo(ID_Enemigo, Nombre, Tipo, Fuerza, Destreza, Constitucion, Inteligencia, Sabiduria, Carisma, Mapa_ID_Sitio) VALUES (78, 'Sarevok', 'Humans', 20, 20, 20, 16, 14, 15, 17);
INSERT INTO Enemigo(ID_Enemigo, Nombre, Tipo, Fuerza, Destreza, Constitucion, Inteligencia, Sabiduria, Carisma, Mapa_ID_Sitio) VALUES (79, 'Ansur', 'Undead Dragons', 25, 10, 23, 16, 15, 19, 16);
INSERT INTO Enemigo(ID_Enemigo, Nombre, Tipo, Fuerza, Destreza, Constitucion, Inteligencia, Sabiduria, Carisma, Mapa_ID_Sitio) VALUES (80, 'Steel Watch Titan', 'Constructs', 22, 12, 20, 6, 10, 10, 18);
INSERT INTO Enemigo(ID_Enemigo, Nombre, Tipo, Fuerza, Destreza, Constitucion, Inteligencia, Sabiduria, Carisma, Mapa_ID_Sitio) VALUES (81, 'Viconia Devir', 'Lolth-Swom Drow', 18, 19, 10, 17, 18, 16, 3);
INSERT INTO Enemigo(ID_Enemigo, Nombre, Tipo, Fuerza, Destreza, Constitucion, Inteligencia, Sabiduria, Carisma, Mapa_ID_Sitio) VALUES (82, 'Lorroakan', 'Humans', 11, 14, 14, 19, 15, 16, 3);
INSERT INTO Enemigo(ID_Enemigo, Nombre, Tipo, Fuerza, Destreza, Constitucion, Inteligencia, Sabiduria, Carisma, Mapa_ID_Sitio) VALUES (83, 'Auntie Ethel', 'Fey', 18, 14, 16, 13, 14, 18, 5);
INSERT INTO Enemigo(ID_Enemigo, Nombre, Tipo, Fuerza, Destreza, Constitucion, Inteligencia, Sabiduria, Carisma, Mapa_ID_Sitio) VALUES (84, 'Mystic Carrion', 'Mummy Lord', 15, 10, 17, 15, 20, 16, 5);
INSERT INTO Enemigo(ID_Enemigo, Nombre, Tipo, Fuerza, Destreza, Constitucion, Inteligencia, Sabiduria, Carisma, Mapa_ID_Sitio) VALUES (85, 'Cazador', 'Vampire', 18, 18, 18, 17, 15, 18, 3);
INSERT INTO Enemigo(ID_Enemigo, Nombre, Tipo, Fuerza, Destreza, Constitucion, Inteligencia, Sabiduria, Carisma, Mapa_ID_Sitio) VALUES (86, 'Emperor', 'Aberrations', 12, 14, 15, 21, 17, 19, 17);
INSERT INTO Enemigo(ID_Enemigo, Nombre, Tipo, Fuerza, Destreza, Constitucion, Inteligencia, Sabiduria, Carisma, Mapa_ID_Sitio) VALUES (87, 'Dominated Red Dragon', 'Dragons', 27, 10, 25, 16, 13, 21, 16);
INSERT INTO Enemigo(ID_Enemigo, Nombre, Tipo, Fuerza, Destreza, Constitucion, Inteligencia, Sabiduria, Carisma, Mapa_ID_Sitio) VALUES (88, 'Ptaris', 'Githyanki', 18, 20, 20, 24, 14, 14, 3);

--Boss
INSERT INTO Boss(NFases, Acto, Habilidades, Enemigo_ID_Enemigo) VALUES (1, 1, 'Attack of Opportunity', 51);
INSERT INTO Boss(NFases, Acto, Habilidades, Enemigo_ID_Enemigo) VALUES (1, 1, 'Darkvision', 52);
INSERT INTO Boss(NFases, Acto, Habilidades, Enemigo_ID_Enemigo) VALUES (2, 1, 'Attack of Opportunity', 53);
INSERT INTO Boss(NFases, Acto, Habilidades, Enemigo_ID_Enemigo) VALUES (3, 1, 'Fey Ancestry', 54);
INSERT INTO Boss(NFases, Acto, Habilidades, Enemigo_ID_Enemigo) VALUES (1, 1, 'Darkvision', 55);
INSERT INTO Boss(NFases, Acto, Habilidades, Enemigo_ID_Enemigo) VALUES (3, 1, 'Attack of Opportunity', 56);
INSERT INTO Boss(NFases, Acto, Habilidades, Enemigo_ID_Enemigo) VALUES (2, 1, 'Darkvision', 57);
INSERT INTO Boss(NFases, Acto, Habilidades, Enemigo_ID_Enemigo) VALUES (1, 1, 'Fey Ancestry', 58);
INSERT INTO Boss(NFases, Acto, Habilidades, Enemigo_ID_Enemigo) VALUES (2, 1, 'Attack of Opportunity', 59);
INSERT INTO Boss(NFases, Acto, Habilidades, Enemigo_ID_Enemigo) VALUES (3, 1, 'Vengeful Guardian', 60);
INSERT INTO Boss(NFases, Acto, Habilidades, Enemigo_ID_Enemigo) VALUES (1, 1, 'Darkvision', 61);
INSERT INTO Boss(NFases, Acto, Habilidades, Enemigo_ID_Enemigo) VALUES (2, 1, 'Darkvision', 62);
INSERT INTO Boss(NFases, Acto, Habilidades, Enemigo_ID_Enemigo) VALUES (2, 2, 'Improved Critical Hit', 63);
INSERT INTO Boss(NFases, Acto, Habilidades, Enemigo_ID_Enemigo) VALUES (1, 2, 'Githyanki Parry', 64);
INSERT INTO Boss(NFases, Acto, Habilidades, Enemigo_ID_Enemigo) VALUES (3, 2, 'Opportunity Attack', 65);
INSERT INTO Boss(NFases, Acto, Habilidades, Enemigo_ID_Enemigo) VALUES (2, 2, 'Multiattack', 66);
INSERT INTO Boss(NFases, Acto, Habilidades, Enemigo_ID_Enemigo) VALUES (1, 2, 'Fey Ancestry', 67);
INSERT INTO Boss(NFases, Acto, Habilidades, Enemigo_ID_Enemigo) VALUES (3, 2, 'Devils Sight', 68);
INSERT INTO Boss(NFases, Acto, Habilidades, Enemigo_ID_Enemigo) VALUES (2, 2, 'Fast Hands', 69);
INSERT INTO Boss(NFases, Acto, Habilidades, Enemigo_ID_Enemigo) VALUES (1, 2, 'Opportunity Attack', 70);
INSERT INTO Boss(NFases, Acto, Habilidades, Enemigo_ID_Enemigo) VALUES (3, 2, 'Fey Ancestry', 71);
INSERT INTO Boss(NFases, Acto, Habilidades, Enemigo_ID_Enemigo) VALUES (2, 2, 'Darkvision', 72);
INSERT INTO Boss(NFases, Acto, Habilidades, Enemigo_ID_Enemigo) VALUES (1, 2, 'Grim Harvest', 73);
INSERT INTO Boss(NFases, Acto, Habilidades, Enemigo_ID_Enemigo) VALUES (3, 2, 'Devils Sight', 74);
INSERT INTO Boss(NFases, Acto, Habilidades, Enemigo_ID_Enemigo) VALUES (2, 3, 'Fast Hands', 75);
INSERT INTO Boss(NFases, Acto, Habilidades, Enemigo_ID_Enemigo) VALUES (1, 3, 'Dark Devotion', 76);
INSERT INTO Boss(NFases, Acto, Habilidades, Enemigo_ID_Enemigo) VALUES (3, 3, 'Soul reaper', 77);
INSERT INTO Boss(NFases, Acto, Habilidades, Enemigo_ID_Enemigo) VALUES (2, 3, 'First Blood', 78);
INSERT INTO Boss(NFases, Acto, Habilidades, Enemigo_ID_Enemigo) VALUES (1, 3, 'Draconic Fury', 79);
INSERT INTO Boss(NFases, Acto, Habilidades, Enemigo_ID_Enemigo) VALUES (3, 3, 'Multiattack', 80);
INSERT INTO Boss(NFases, Acto, Habilidades, Enemigo_ID_Enemigo) VALUES (2, 3, 'Darkvision', 81);
INSERT INTO Boss(NFases, Acto, Habilidades, Enemigo_ID_Enemigo) VALUES (1, 3, 'Fast Hands', 82);
INSERT INTO Boss(NFases, Acto, Habilidades, Enemigo_ID_Enemigo) VALUES (3, 3, 'Opportunity Attack', 83);
INSERT INTO Boss(NFases, Acto, Habilidades, Enemigo_ID_Enemigo) VALUES (2, 3, 'Multiattack', 84);
INSERT INTO Boss(NFases, Acto, Habilidades, Enemigo_ID_Enemigo) VALUES (1, 3, 'Vampire Regeneration', 85);
INSERT INTO Boss(NFases, Acto, Habilidades, Enemigo_ID_Enemigo) VALUES (3, 3, 'Telekinesis', 86);
INSERT INTO Boss(NFases, Acto, Habilidades, Enemigo_ID_Enemigo) VALUES (3, 3, 'Draconic Fury', 87);
INSERT INTO Boss(NFases, Acto, Habilidades, Enemigo_ID_Enemigo) VALUES (1, 3, 'Fast Hands', 88);

--Personaje
INSERT INTO Personaje(ID_Personaje, Nombre, Raza, Clase, Avatar, Nivel, Fuerza, Destreza, Constitucion, Inteligencia, Sabiduria, Carisma, HechizosDisponibles) VALUES (1, 'Laezel', 'Githyanki', 'Fighter', 'False', 7, 17, 13, 15, 10, 12, 8, 13);
INSERT INTO Personaje(ID_Personaje, Nombre, Raza, Clase, Avatar, Nivel, Fuerza, Destreza, Constitucion, Inteligencia, Sabiduria, Carisma, HechizosDisponibles) VALUES (2, 'Astarion', 'Elf', 'Rogue', 'False', 15, 8, 17, 14, 13, 13, 10, 29);
INSERT INTO Personaje(ID_Personaje, Nombre, Raza, Clase, Avatar, Nivel, Fuerza, Destreza, Constitucion, Inteligencia, Sabiduria, Carisma, HechizosDisponibles) VALUES (3, 'Wyll', 'Human', 'Warlock', 'False', 4, 8, 13, 14, 13, 10, 17, 7);
INSERT INTO Personaje(ID_Personaje, Nombre, Raza, Clase, Avatar, Nivel, Fuerza, Destreza, Constitucion, Inteligencia, Sabiduria, Carisma, HechizosDisponibles) VALUES (4, 'Shadowheart', 'Half-Elf', 'Cleric', 'False', 12, 13, 13, 14, 10, 17, 8, 23);
INSERT INTO Personaje(ID_Personaje, Nombre, Raza, Clase, Avatar, Nivel, Fuerza, Destreza, Constitucion, Inteligencia, Sabiduria, Carisma, HechizosDisponibles) VALUES (5, 'Gale', 'Humano', 'Wizard', 'False', 18, 8, 13, 15, 17, 10, 12, 35);
INSERT INTO Personaje(ID_Personaje, Nombre, Raza, Clase, Avatar, Nivel, Fuerza, Destreza, Constitucion, Inteligencia, Sabiduria, Carisma, HechizosDisponibles) VALUES (6, 'Karlach', 'Tiefling', 'Barbarian', 'False', 9, 17, 13, 15, 8, 12, 10, 33);
INSERT INTO Personaje(ID_Personaje, Nombre, Raza, Clase, Avatar, Nivel, Fuerza, Destreza, Constitucion, Inteligencia, Sabiduria, Carisma, HechizosDisponibles) VALUES (7, 'Jaheira', 'Half-Elf', 'Druid', 'False', 3, 10, 14, 14, 8, 17, 12, 5);
INSERT INTO Personaje(ID_Personaje, Nombre, Raza, Clase, Avatar, Nivel, Fuerza, Destreza, Constitucion, Inteligencia, Sabiduria, Carisma, HechizosDisponibles) VALUES (8, 'Minthara', 'Drow', 'Paladin', 'False', 11, 15, 12, 15, 12, 19, 16, 21);
INSERT INTO Personaje(ID_Personaje, Nombre, Raza, Clase, Avatar, Nivel, Fuerza, Destreza, Constitucion, Inteligencia, Sabiduria, Carisma, HechizosDisponibles) VALUES (9, 'Halsin', 'Elf', 'Druid', 'False', 20, 16, 16, 16, 12, 18, 16, 40);
INSERT INTO Personaje(ID_Personaje, Nombre, Raza, Clase, Avatar, Nivel, Fuerza, Destreza, Constitucion, Inteligencia, Sabiduria, Carisma, HechizosDisponibles) VALUES (10, 'Minsc', 'Human', 'Ranger', 'False', 6, 12, 17, 13, 8, 15, 10, 11);
INSERT INTO Personaje(ID_Personaje, Nombre, Raza, Clase, Avatar, Nivel, Fuerza, Destreza, Constitucion, Inteligencia, Sabiduria, Carisma, HechizosDisponibles) VALUES (11, 'Ansia Oscura', 'Dragonborn', 'Sorcerer', 'False', 14, 8, 13, 15, 12, 10, 17, 27);
INSERT INTO Personaje(ID_Personaje, Nombre, Raza, Clase, Avatar, Nivel, Fuerza, Destreza, Constitucion, Inteligencia, Sabiduria, Carisma, HechizosDisponibles) VALUES (12, 'Javier', 'Drow', 'Warlock', 'True', 2, 8, 17, 10, 15, 12, 8, 3);
INSERT INTO Personaje(ID_Personaje, Nombre, Raza, Clase, Avatar, Nivel, Fuerza, Destreza, Constitucion, Inteligencia, Sabiduria, Carisma, HechizosDisponibles) VALUES (13, 'Angel', 'Dragonborn', 'Rogue', 'True', 19, 10, 16, 10, 9, 13, 16, 37);
INSERT INTO Personaje(ID_Personaje, Nombre, Raza, Clase, Avatar, Nivel, Fuerza, Destreza, Constitucion, Inteligencia, Sabiduria, Carisma, HechizosDisponibles) VALUES (14, 'Raúl', 'Tiefling', 'Bard', 'True', 8, 9, 8, 14, 14, 15, 14, 15);
INSERT INTO Personaje(ID_Personaje, Nombre, Raza, Clase, Avatar, Nivel, Fuerza, Destreza, Constitucion, Inteligencia, Sabiduria, Carisma, HechizosDisponibles) VALUES (15, 'Gloria', 'Elfo ', 'Wizard', 'True', 5, 8, 10, 10, 15, 16, 13, 9);
INSERT INTO Personaje(ID_Personaje, Nombre, Raza, Clase, Avatar, Nivel, Fuerza, Destreza, Constitucion, Inteligencia, Sabiduria, Carisma, HechizosDisponibles) VALUES (16, 'Elena', 'Half-Elf', 'Cleric', 'True', 17, 7, 9, 10, 17, 20, 12, 33);


--Objeto
INSERT INTO Objeto(Rareza, Valor, ID_Objeto) VALUES ('Rare', 190, 1);
INSERT INTO Objeto(Rareza, Valor, ID_Objeto) VALUES ('Uncommon', 180, 2);
INSERT INTO Objeto(Rareza, Valor, ID_Objeto) VALUES ('Uncommon', 100, 3);
INSERT INTO Objeto(Rareza, Valor, ID_Objeto) VALUES ('Legendary', 640, 4);
INSERT INTO Objeto(Rareza, Valor, ID_Objeto) VALUES ('Uncommon', 65, 5);
INSERT INTO Objeto(Rareza, Valor, ID_Objeto) VALUES ('Uncommon', 65, 6);
INSERT INTO Objeto(Rareza, Valor, ID_Objeto) VALUES ('Very Rare', 480, 7);
INSERT INTO Objeto(Rareza, Valor, ID_Objeto) VALUES ('Rare', 190, 8);
INSERT INTO Objeto(Rareza, Valor, ID_Objeto) VALUES ('Common', 20, 9);
INSERT INTO Objeto(Rareza, Valor, ID_Objeto) VALUES ('Rare', 190, 10);
INSERT INTO Objeto(Rareza, Valor, ID_Objeto) VALUES ('Common', 70, 11);
INSERT INTO Objeto(Rareza, Valor, ID_Objeto) VALUES ('Uncommon', 100, 12);
INSERT INTO Objeto(Rareza, Valor, ID_Objeto) VALUES ('Uncommon', 170, 13);
INSERT INTO Objeto(Rareza, Valor, ID_Objeto) VALUES ('Rare', 310, 14);
INSERT INTO Objeto(Rareza, Valor, ID_Objeto) VALUES ('Rare', 310, 15);
INSERT INTO Objeto(Rareza, Valor, ID_Objeto) VALUES ('Common', 110, 16);
INSERT INTO Objeto(Rareza, Valor, ID_Objeto) VALUES ('Uncommon', 130, 17);
INSERT INTO Objeto(Rareza, Valor, ID_Objeto) VALUES ('Rare', 380, 18);
INSERT INTO Objeto(Rareza, Valor, ID_Objeto) VALUES ('Very Rare', 960, 19);
INSERT INTO Objeto(Rareza, Valor, ID_Objeto) VALUES ('Legendary', 1300, 20);
INSERT INTO Objeto(Rareza, Valor, ID_Objeto) VALUES ('Common', 20, 21);
INSERT INTO Objeto(Rareza, Valor, ID_Objeto) VALUES ('Uncommon', 250, 22);
INSERT INTO Objeto(Rareza, Valor, ID_Objeto) VALUES ('Rare', 800, 23);
INSERT INTO Objeto(Rareza, Valor, ID_Objeto) VALUES ('Very Rare', 1600, 24);
INSERT INTO Objeto(Rareza, Valor, ID_Objeto) VALUES ('Legendary', 8000, 25);
INSERT INTO Objeto(Rareza, Valor, ID_Objeto) VALUES ('Common', 25, 26);
INSERT INTO Objeto(Rareza, Valor, ID_Objeto) VALUES ('Uncommon', 220, 27);
INSERT INTO Objeto(Rareza, Valor, ID_Objeto) VALUES ('Rare', 640, 28);
INSERT INTO Objeto(Rareza, Valor, ID_Objeto) VALUES ('Very Rare', 450, 29);
INSERT INTO Objeto(Rareza, Valor, ID_Objeto) VALUES ('Legendary', 400, 30);
INSERT INTO Objeto(Rareza, Valor, ID_Objeto) VALUES ('Very Rare', 450, 31);
INSERT INTO Objeto(Rareza, Valor, ID_Objeto) VALUES ('Common', 40, 32);
INSERT INTO Objeto(Rareza, Valor, ID_Objeto) VALUES ('Rare', 290, 33);
INSERT INTO Objeto(Rareza, Valor, ID_Objeto) VALUES ('Rare', 160, 34);
INSERT INTO Objeto(Rareza, Valor, ID_Objeto) VALUES ('Common', 20, 35);
INSERT INTO Objeto(Rareza, Valor, ID_Objeto) VALUES ('Very Rare', 70, 36);
INSERT INTO Objeto(Rareza, Valor, ID_Objeto) VALUES ('Common', 5, 37);
INSERT INTO Objeto(Rareza, Valor, ID_Objeto) VALUES ('Uncommon', 70, 38);
INSERT INTO Objeto(Rareza, Valor, ID_Objeto) VALUES ('Very Rare', 1300, 39);
INSERT INTO Objeto(Rareza, Valor, ID_Objeto) VALUES ('Rare', 190, 40);
INSERT INTO Objeto(Rareza, Valor, ID_Objeto) VALUES ('Common', 60, 41);
INSERT INTO Objeto(Rareza, Valor, ID_Objeto) VALUES ('Uncommon', 45, 42);
INSERT INTO Objeto(Rareza, Valor, ID_Objeto) VALUES ('Common', 25, 43);
INSERT INTO Objeto(Rareza, Valor, ID_Objeto) VALUES ('Common', 60, 44);
INSERT INTO Objeto(Rareza, Valor, ID_Objeto) VALUES ('Rare', 200, 45);
INSERT INTO Objeto(Rareza, Valor, ID_Objeto) VALUES ('Rare', 30, 46);
INSERT INTO Objeto(Rareza, Valor, ID_Objeto) VALUES ('Common', 30, 47);
INSERT INTO Objeto(Rareza, Valor, ID_Objeto) VALUES ('Common', 50, 48);
INSERT INTO Objeto(Rareza, Valor, ID_Objeto) VALUES ('Uncommon', 20, 49);
INSERT INTO Objeto(Rareza, Valor, ID_Objeto) VALUES ('Uncommon', 45, 50);
INSERT INTO Objeto(Rareza, Valor, ID_Objeto) VALUES ('Common', 45, 51);
INSERT INTO Objeto(Rareza, Valor, ID_Objeto) VALUES ('Very Rare', 200, 52);
INSERT INTO Objeto(Rareza, Valor, ID_Objeto) VALUES ('Uncommon', 65, 53);
INSERT INTO Objeto(Rareza, Valor, ID_Objeto) VALUES ('Uncommon', 50, 54);
INSERT INTO Objeto(Rareza, Valor, ID_Objeto) VALUES ('Rare', 6, 55);
INSERT INTO Objeto(Rareza, Valor, ID_Objeto) VALUES ('Uncommon', 8, 56);
INSERT INTO Objeto(Rareza, Valor, ID_Objeto) VALUES ('Common', 2, 57);
INSERT INTO Objeto(Rareza, Valor, ID_Objeto) VALUES ('Very Rare', 10, 58);
INSERT INTO Objeto(Rareza, Valor, ID_Objeto) VALUES ('Rare', 4, 59);
INSERT INTO Objeto(Rareza, Valor, ID_Objeto) VALUES ('Very Rare', 8, 60);


--Arma
INSERT INTO Arma(Nombre, Damage, Tipo, Habilidad,  Objeto_ID_Objeto) VALUES ('Staff of the Emperor', 10, 'Staff', 'Piercing Strike', 1);
INSERT INTO Arma(Nombre, Damage, Tipo, Habilidad,  Objeto_ID_Objeto) VALUES ('Spiderstep Staff', 8, 'Staff', 'Rush Attack', 2);
INSERT INTO Arma(Nombre, Damage, Tipo, Habilidad,  Objeto_ID_Objeto) VALUES ('Staff of Crones', 8, 'Staff', 'Null', 3);
INSERT INTO Arma(Nombre, Damage, Tipo, Habilidad,  Objeto_ID_Objeto) VALUES ('Mourning Frost', 13, 'Staff', 'Piercing Strike', 4);
INSERT INTO Arma(Nombre, Damage, Tipo, Habilidad,  Objeto_ID_Objeto) VALUES ('Markoheshkir', 10, 'Staff', 'Rush Attack', 5);
INSERT INTO Arma(Nombre, Damage, Tipo, Habilidad,  Objeto_ID_Objeto) VALUES ('Returning Pike', 11, 'Pike', 'Piercing Strike', 6);
INSERT INTO Arma(Nombre, Damage, Tipo, Habilidad,  Objeto_ID_Objeto) VALUES ('The Impaler', 12, 'Pike', 'Tenacity', 7);
INSERT INTO Arma(Nombre, Damage, Tipo, Habilidad,  Objeto_ID_Objeto) VALUES ('Unseen Menace', 11, 'Pike', 'Piercing Strike', 8);
INSERT INTO Arma(Nombre, Damage, Tipo, Habilidad,  Objeto_ID_Objeto) VALUES ('Stone Pike', 10, 'Pike', 'Null', 9);
INSERT INTO Arma(Nombre, Damage, Tipo, Habilidad,  Objeto_ID_Objeto) VALUES ('Breaching Pike', 16, 'Pike', 'Piercing Strike', 10);
INSERT INTO Arma(Nombre, Damage, Tipo, Habilidad,  Objeto_ID_Objeto) VALUES ('Battleaxe', 10, 'Axe', 'Tenacity', 11);
INSERT INTO Arma(Nombre, Damage, Tipo, Habilidad,  Objeto_ID_Objeto) VALUES ('Shadow Battleaxe', 11, 'Axe', 'Rush Attack', 12);
INSERT INTO Arma(Nombre, Damage, Tipo, Habilidad,  Objeto_ID_Objeto) VALUES ('Witchbreaker', 11, 'Axe', 'Tenacity', 13);
INSERT INTO Arma(Nombre, Damage, Tipo, Habilidad,  Objeto_ID_Objeto) VALUES ('Rebound Battleaxe', 11, 'Axe', 'Null', 14);
INSERT INTO Arma(Nombre, Damage, Tipo, Habilidad,  Objeto_ID_Objeto) VALUES ('Thermodynamo Axe', 11, 'Axe', 'Piercing Strike', 15);
INSERT INTO Arma(Nombre, Damage, Tipo, Habilidad,  Objeto_ID_Objeto) VALUES ('Greatsword', 12, 'Sword', 'Tenacity', 16);
INSERT INTO Arma(Nombre, Damage, Tipo, Habilidad,  Objeto_ID_Objeto) VALUES ('Sword of Justice', 13, 'Sword', 'Rush Attack', 17);
INSERT INTO Arma(Nombre, Damage, Tipo, Habilidad,  Objeto_ID_Objeto) VALUES ('Soulbreaker Greatsword', 17, 'Sword', 'Null', 18);
INSERT INTO Arma(Nombre, Damage, Tipo, Habilidad,  Objeto_ID_Objeto) VALUES ('Sword of Chaos', 18, 'Sword', 'Piercing Strike', 19);
INSERT INTO Arma(Nombre, Damage, Tipo, Habilidad,  Objeto_ID_Objeto) VALUES ('Silver Sword of the Astral Plane', 21, 'Sword', 'Tenacity', 20);

--Armadura
INSERT INTO Armadura(Nombre, Defensa, Pasiva, Tipo,  Objeto_ID_Objeto) VALUES ('Simple Robe', 10, 'Null', 'Chestplate', 21);
INSERT INTO Armadura(Nombre, Defensa, Pasiva, Tipo,  Objeto_ID_Objeto) VALUES ('Robe of Summer', 10, 'Temperature Adjustment', 'Chestplate', 22);
INSERT INTO Armadura(Nombre, Defensa, Pasiva, Tipo,  Objeto_ID_Objeto) VALUES ('Robe of Exquisite Focus', 10, 'Cats Grace', 'Chestplate', 23);
INSERT INTO Armadura(Nombre, Defensa, Pasiva, Tipo,  Objeto_ID_Objeto) VALUES ('Moon Devotion Robe', 10, 'Temperature Adjustment', 'Chestplate', 24);
INSERT INTO Armadura(Nombre, Defensa, Pasiva, Tipo,  Objeto_ID_Objeto) VALUES ('Helldusk Armour', 21, 'Defiers Rejuvenation', 'Chestplate', 25);
INSERT INTO Armadura(Nombre, Defensa, Pasiva, Tipo,  Objeto_ID_Objeto) VALUES ('Leather Helmet', 3, 'Null', 'Helmet', 26);
INSERT INTO Armadura(Nombre, Defensa, Pasiva, Tipo,  Objeto_ID_Objeto) VALUES ('Circlet of Fire', 5, 'Defiers Rejuvenation', 'Helmet', 27);
INSERT INTO Armadura(Nombre, Defensa, Pasiva, Tipo,  Objeto_ID_Objeto) VALUES ('Cap of Wrath', 6, 'Cats Grace', 'Helmet', 28);
INSERT INTO Armadura(Nombre, Defensa, Pasiva, Tipo,  Objeto_ID_Objeto) VALUES ('Assassin of Bhaal Cowl', 6, 'Temperature Adjustment', 'Helmet', 29);
INSERT INTO Armadura(Nombre, Defensa, Pasiva, Tipo,  Objeto_ID_Objeto) VALUES ('Mask of the Shapeshifter', 10, 'Cats Grace', 'Helmet', 30);
INSERT INTO Armadura(Nombre, Defensa, Pasiva, Tipo,  Objeto_ID_Objeto) VALUES ('Pale Widow Gloves', 5, 'Temperature Adjustment', 'Gloves', 31);
INSERT INTO Armadura(Nombre, Defensa, Pasiva, Tipo,  Objeto_ID_Objeto) VALUES ('Metallic Gloves', 3, 'Null', 'Gloves', 32);
INSERT INTO Armadura(Nombre, Defensa, Pasiva, Tipo,  Objeto_ID_Objeto) VALUES ('Flawed Helldusk Gloves', 4, 'Temperature Adjustment', 'Gloves', 33);
INSERT INTO Armadura(Nombre, Defensa, Pasiva, Tipo,  Objeto_ID_Objeto) VALUES ('Raven Gloves', 3, 'Cats Grace', 'Gloves', 34);
INSERT INTO Armadura(Nombre, Defensa, Pasiva, Tipo,  Objeto_ID_Objeto) VALUES ('Leather Gloves', 2, 'Null', 'Gloves', 35);
INSERT INTO Armadura(Nombre, Defensa, Pasiva, Tipo,  Objeto_ID_Objeto) VALUES ('Bonespike Boots', 5, 'Temperature Adjustment', 'Boots', 36);
INSERT INTO Armadura(Nombre, Defensa, Pasiva, Tipo,  Objeto_ID_Objeto) VALUES ('Simple Boots', 2, 'Null', 'Boots', 37);
INSERT INTO Armadura(Nombre, Defensa, Pasiva, Tipo,  Objeto_ID_Objeto) VALUES ('Spiderstep Boots', 3, 'Cats Grace', 'Boots', 38);
INSERT INTO Armadura(Nombre, Defensa, Pasiva, Tipo,  Objeto_ID_Objeto) VALUES ('Boots of persistance', 6, 'Temperature Adjustment', 'Boots', 39);
INSERT INTO Armadura(Nombre, Defensa, Pasiva, Tipo,  Objeto_ID_Objeto) VALUES ('Boots of Brilliance', 4, 'Defiers Rejuvenation', 'Boots', 40);

--Consumible
INSERT INTO Consumible(Nombre, Tipo, Efecto,  Objeto_ID_Objeto) VALUES ('Potion of Healing', 'Potions', 'Healing', 41);
INSERT INTO Consumible(Nombre, Tipo, Efecto,  Objeto_ID_Objeto) VALUES ('Potion of Speed', 'Potions', 'Boost', 42);
INSERT INTO Consumible(Nombre, Tipo, Efecto,  Objeto_ID_Objeto) VALUES ('Antidote ', 'Potions', 'Neutralice', 43);
INSERT INTO Consumible(Nombre, Tipo, Efecto,  Objeto_ID_Objeto) VALUES ('Basilisk Oil', 'Potions', 'Neutralice', 44);
INSERT INTO Consumible(Nombre, Tipo, Efecto,  Objeto_ID_Objeto) VALUES ('Potion of Angelic Slumber', 'Potions', 'Healing', 45);
INSERT INTO Consumible(Nombre, Tipo, Efecto,  Objeto_ID_Objeto) VALUES ('Potion of Flying', 'Potions', 'Boost', 46);
INSERT INTO Consumible(Nombre, Tipo, Efecto,  Objeto_ID_Objeto) VALUES ('Antitoxin', 'Potions', 'Neutralice', 47);
INSERT INTO Consumible(Nombre, Tipo, Efecto,  Objeto_ID_Objeto) VALUES ('Elixir of Healing', 'Elixirs', 'Healing', 48);
INSERT INTO Consumible(Nombre, Tipo, Efecto,  Objeto_ID_Objeto) VALUES ('Elixir of Arcane Cultivation', 'Elixirs', 'Boost', 49);
INSERT INTO Consumible(Nombre, Tipo, Efecto,  Objeto_ID_Objeto) VALUES ('Elixir of Cold Resistance', 'Elixirs', 'Neutralice', 50);
INSERT INTO Consumible(Nombre, Tipo, Efecto,  Objeto_ID_Objeto) VALUES ('Elixir of Radiant Resistance', 'Elixirs', 'Neutralice', 51);
INSERT INTO Consumible(Nombre, Tipo, Efecto,  Objeto_ID_Objeto) VALUES ('Elixir of Universal Resistance', 'Elixirs', 'Boost', 52);
INSERT INTO Consumible(Nombre, Tipo, Efecto,  Objeto_ID_Objeto) VALUES ('Elixir of the Colossus', 'Elixirs', 'Boost', 53);
INSERT INTO Consumible(Nombre, Tipo, Efecto,  Objeto_ID_Objeto) VALUES ('Elixir of Darkvision', 'Elixirs', 'Neutralice', 54);
INSERT INTO Consumible(Nombre, Tipo, Efecto,  Objeto_ID_Objeto) VALUES ('Red Apple', 'Food', 'Healing', 55);
INSERT INTO Consumible(Nombre, Tipo, Efecto,  Objeto_ID_Objeto) VALUES ('Lemon', 'Food', 'Boost', 56);
INSERT INTO Consumible(Nombre, Tipo, Efecto,  Objeto_ID_Objeto) VALUES ('Carrot', 'Food', 'Healing', 57);
INSERT INTO Consumible(Nombre, Tipo, Efecto,  Objeto_ID_Objeto) VALUES ('Pumpkin', 'Food', 'Healing', 58);
INSERT INTO Consumible(Nombre, Tipo, Efecto,  Objeto_ID_Objeto) VALUES ('Garlic', 'Food', 'Neutralice', 59);
INSERT INTO Consumible(Nombre, Tipo, Efecto,  Objeto_ID_Objeto) VALUES ('Red Pepper', 'Food', 'Boost', 60);
